consent_id,customer_id,consent_type,consent_status,consent_date,consent_source,expiry_date
CON-0001,CUS-00000001,MARKETING,GRANTED,2024-01-05,WEB_FORM,2026-01-05
CON-0002,CUS-00000002,MARKETING,DENIED,2024-02-11,WEB_FORM,2026-02-11
CON-0003,CUS-00000003,MARKETING,GRANTED,2024-03-20,CALL_CENTER,2024-03-19
CON-0004,CUS-00000005,MARKETING,GRANTED,2024-05-10,WEB_FORM,2026-05-10
CON-0005,CUS-00000007,MARKETING,GRANTED,2024-06-15,WEB_FORM,2026-06-15
CON-0006,CUS-00000009,DATA_SHARING,GRANTED,2024-08-05,WEB_FORM,2026-08-05
CON-0007,CUS-00000010,MARKETING,GRANTED,2024-09-09,WEB_FORM,2026-09-09
CON-0008,CUS-00000012,MARKETING,PENDING,2024-10-01,WEB_FORM,
CON-0009,CUS-00000014,MARKETING,GRANTED,2024-11-01,CALL_CENTER,2026-11-01
