interaction_id,customer_id,interaction_date,interaction_type,channel,sentiment,case_id
INT-0001,CUS-00000001,2025-03-01,SUPPORT,PHONE,NEUTRAL,CASE-1001
INT-0002,CUS-00000002,2025-02-20,COMPLAINT,EMAIL,NEGATIVE,CASE-1002
INT-0003,CUS-00000004,2025-03-10,SALES,MEETING,POSITIVE,
INT-0004,CUS-00000005,2025-01-05,SUPPORT,CHAT,NEUTRAL,CASE-1003
INT-0005,CUS-00000010,2025-04-01,SUPPORT,PHONE,POSITIVE,CASE-1004
INT-0006,CUS-00000012,2025-04-08,MARKETING,EMAIL,,
INT-0007,CUS-00000006,2024-06-05,SUPPORT,EMAIL,NEGATIVE,CASE-1005
INT-0008,CUS-00000015,2025-04-02,SUPPORT,CHAT,NEUTRAL,CASE-1006
INT-0009,CUS-00000009,2025-03-18,COMPLAINT,PHONE,NEGATIVE,CASE-1007
